{
  "name": "AI News.run",
  "image": "mcr.microsoft.com/devcontainers/universal:2",
  "features": {
    "ghcr.io/devcontainers/features/github-cli:1": {},
    "ghcr.io/devcontainers/features/node:1": {},
    "ghcr.io/devcontainers/features/ruby:1": {
      "version": "3.2"
    }
  },
  "postCreateCommand": "bash scripts/bootstrap.sh --prepare",
  "customizations": {
    "vscode": {
      "settings": {
        "terminal.integrated.defaultProfile.linux": "bash"
      },
      "extensions": [
        "github.vscode-github-actions",
        "rebornix.ruby",
        "bungcip.better-toml",
        "yzhang.markdown-all-in-one"
      ]
    }
  }
}